Banco de México,,
,,
Tipos de cambio y resultados históricos de las subastas,,
,,
,,
Fecha de consulta: 21/11/2022 07:59:55,,
,,
,,
,,
Título,"Tipo de cambio pesos por dólar E.U.A., Tipo de cambio para solventar obligaciones denominadas en moneda extranjera, Fecha de liquidación",
Periodo disponible,14/11/1991 - 23/11/2022,
Periodicidad,Diaria,
Cifra,Tipo de Cambio,
Unidad,Pesos por Dólar,
Base,,
Aviso,,
Tipo de información,Niveles,
Fecha,SF60653,
01/01/2016,17.3398,
02/01/2016,17.3398,
03/01/2016,17.3398,
04/01/2016,17.3398,
05/01/2016,17.2487,
06/01/2016,17.3529,
07/01/2016,17.3456,
08/01/2016,17.4411,
09/01/2016,17.6568,
10/01/2016,17.6568,
11/01/2016,17.6568,
12/01/2016,17.9283,
13/01/2016,17.9304,
14/01/2016,17.9119,
15/01/2016,17.8500,
16/01/2016,17.9121,
17/01/2016,17.9121,
18/01/2016,17.9121,
19/01/2016,18.2108,
20/01/2016,18.2327,
21/01/2016,18.1947,
22/01/2016,18.6080,
23/01/2016,18.5084,
24/01/2016,18.5084,
25/01/2016,18.5084,
26/01/2016,18.4280,
27/01/2016,18.5352,
28/01/2016,18.4715,
29/01/2016,18.4530,
30/01/2016,18.2906,
31/01/2016,18.2906,17.9456483870968
01/02/2016,18.2906,
02/02/2016,18.2906,
03/02/2016,18.1935,
04/02/2016,18.4902,
05/02/2016,18.4537,
06/02/2016,18.1891,
07/02/2016,18.1891,
08/02/2016,18.1891,
09/02/2016,18.3748,
10/02/2016,18.6959,
11/02/2016,18.7818,
12/02/2016,18.8089,
13/02/2016,19.1754,
14/02/2016,19.1754,
15/02/2016,19.1754,
16/02/2016,19.0392,
17/02/2016,18.8471,
18/02/2016,18.8148,
19/02/2016,18.3895,
20/02/2016,18.1439,
21/02/2016,18.1439,
22/02/2016,18.1439,
23/02/2016,18.2762,
24/02/2016,18.0568,
25/02/2016,18.1948,
26/02/2016,18.2893,
27/02/2016,18.1680,
28/02/2016,18.1680,
29/02/2016,18.1680,18.4592034482759
01/03/2016,18.1706,
02/03/2016,18.1020,
03/03/2016,17.9432,
04/03/2016,17.8561,
05/03/2016,17.8971,
06/03/2016,17.8971,
07/03/2016,17.8971,
08/03/2016,17.7723,
09/03/2016,17.7526,
10/03/2016,17.9044,
11/03/2016,17.7523,
12/03/2016,17.8601,
13/03/2016,17.8601,
14/03/2016,17.8601,
15/03/2016,17.7002,
16/03/2016,17.7691,
17/03/2016,17.9260,
18/03/2016,17.9308,
19/03/2016,17.4034,
20/03/2016,17.4034,
21/03/2016,17.4034,
22/03/2016,17.4034,
23/03/2016,17.2995,
24/03/2016,17.3361,
25/03/2016,17.3361,
26/03/2016,17.3361,
27/03/2016,17.3361,
28/03/2016,17.3361,
29/03/2016,17.5273,
30/03/2016,17.4610,
31/03/2016,17.4015,17.6720838709677
01/04/2016,17.2509,
02/04/2016,17.2370,
03/04/2016,17.2370,
04/04/2016,17.2370,
05/04/2016,17.3338,
06/04/2016,17.4484,
07/04/2016,17.7252,
08/04/2016,17.7286,
09/04/2016,17.8930,
10/04/2016,17.8930,
11/04/2016,17.8930,
12/04/2016,17.7391,
13/04/2016,17.6452,
14/04/2016,17.5719,
15/04/2016,17.4900,
16/04/2016,17.3880,
17/04/2016,17.3880,
18/04/2016,17.3880,
19/04/2016,17.5669,
20/04/2016,17.4598,
21/04/2016,17.2825,
22/04/2016,17.3078,
23/04/2016,17.4202,
24/04/2016,17.4202,
25/04/2016,17.4202,
26/04/2016,17.4359,
27/04/2016,17.5866,
28/04/2016,17.4298,
29/04/2016,17.3993,
30/04/2016,17.2125,17.48096
01/05/2016,17.2125,
02/05/2016,17.2125,
03/05/2016,17.1767,
04/05/2016,17.2279,
05/05/2016,17.5234,
06/05/2016,17.7358,
07/05/2016,17.7866,
08/05/2016,17.7866,
09/05/2016,17.7866,
10/05/2016,17.9204,
11/05/2016,18.1033,
12/05/2016,18.0205,
13/05/2016,17.9549,
14/05/2016,17.9915,
15/05/2016,17.9915,
16/05/2016,17.9915,
17/05/2016,18.1562,
18/05/2016,18.1795,
19/05/2016,18.3217,
20/05/2016,18.3761,
21/05/2016,18.5465,
22/05/2016,18.5465,
23/05/2016,18.5465,
24/05/2016,18.3826,
25/05/2016,18.4444,
26/05/2016,18.4694,
27/05/2016,18.4520,
28/05/2016,18.4572,
29/05/2016,18.4572,
30/05/2016,18.4572,
31/05/2016,18.4527,
01/06/2016,18.4777,
02/06/2016,18.4118,
03/06/2016,18.5299,
04/06/2016,18.6097,
05/06/2016,18.6097,
06/06/2016,18.6097,
07/06/2016,18.6283,
08/06/2016,18.5889,
09/06/2016,18.5067,
10/06/2016,18.1491,
11/06/2016,18.2742,
12/06/2016,18.2742,
13/06/2016,18.2742,
14/06/2016,18.5046,
15/06/2016,18.7915,
16/06/2016,18.9814,
17/06/2016,18.8672,
18/06/2016,18.9968,
19/06/2016,18.9968,
20/06/2016,18.9968,
21/06/2016,18.8527,
22/06/2016,18.6559,
23/06/2016,18.6444,
24/06/2016,18.5325,
25/06/2016,18.3207,
26/06/2016,18.3207,
27/06/2016,18.3207,
28/06/2016,18.8716,
29/06/2016,19.1283,
30/06/2016,18.9113,
01/07/2016,18.5550,
02/07/2016,18.4646,
03/07/2016,18.4646,
04/07/2016,18.4646,
05/07/2016,18.3090,
06/07/2016,18.3858,
07/07/2016,18.7536,
08/07/2016,18.8161,
09/07/2016,18.8607,
10/07/2016,18.8607,
11/07/2016,18.8607,
12/07/2016,18.5991,
13/07/2016,18.4597,
14/07/2016,18.3006,
15/07/2016,18.3937,
16/07/2016,18.3061,
17/07/2016,18.3061,
18/07/2016,18.3061,
19/07/2016,18.4920,
20/07/2016,18.4879,
21/07/2016,18.5719,
22/07/2016,18.5729,
23/07/2016,18.6022,
24/07/2016,18.6022,
25/07/2016,18.6022,
26/07/2016,18.6089,
27/07/2016,18.7569,
28/07/2016,18.8114,
29/07/2016,18.8602,
30/07/2016,18.8979,
31/07/2016,18.8979,
01/08/2016,18.8979,
02/08/2016,18.7837,
03/08/2016,18.8504,
04/08/2016,18.8966,
05/08/2016,18.9117,
06/08/2016,18.8612,
07/08/2016,18.8612,
08/08/2016,18.8612,
09/08/2016,18.8691,
10/08/2016,18.5716,
11/08/2016,18.3842,
12/08/2016,18.3479,
13/08/2016,18.2678,
14/08/2016,18.2678,
15/08/2016,18.2678,
16/08/2016,18.2455,
17/08/2016,18.0363,
18/08/2016,17.9869,
19/08/2016,18.2598,
20/08/2016,18.0832,
21/08/2016,18.0832,
22/08/2016,18.0832,
23/08/2016,18.2674,
24/08/2016,18.3023,
25/08/2016,18.3202,
26/08/2016,18.4971,
27/08/2016,18.4460,
28/08/2016,18.4460,
29/08/2016,18.4460,
30/08/2016,18.2830,
31/08/2016,18.5773,
01/09/2016,18.7953,
02/09/2016,18.8611,
03/09/2016,18.8523,
04/09/2016,18.8523,
05/09/2016,18.8523,
06/09/2016,18.6589,
07/09/2016,18.5581,
08/09/2016,18.3524,
09/09/2016,18.3689,
10/09/2016,18.5427,
11/09/2016,18.5427,
12/09/2016,18.5427,
13/09/2016,18.8451,
14/09/2016,19.0646,
15/09/2016,19.1520,
16/09/2016,19.2275,
17/09/2016,19.2275,
18/09/2016,19.2275,
19/09/2016,19.2275,
20/09/2016,19.2514,
21/09/2016,19.6097,
22/09/2016,19.7770,
23/09/2016,19.8394,
24/09/2016,19.5965,
25/09/2016,19.5965,
26/09/2016,19.5965,
27/09/2016,19.7211,
28/09/2016,19.8322,
29/09/2016,19.5044,
30/09/2016,19.5002,
01/10/2016,19.4086,
02/10/2016,19.4086,
03/10/2016,19.4086,
04/10/2016,19.3776,
05/10/2016,19.3211,
06/10/2016,19.2138,
07/10/2016,19.2554,
08/10/2016,19.2433,
09/10/2016,19.2433,
10/10/2016,19.2433,
11/10/2016,19.2994,
12/10/2016,18.8786,
13/10/2016,18.9531,
14/10/2016,18.9622,
15/10/2016,19.0399,
16/10/2016,19.0399,
17/10/2016,19.0399,
18/10/2016,19.0046,
19/10/2016,18.8723,
20/10/2016,18.6726,
21/10/2016,18.5894,
22/10/2016,18.5945,
23/10/2016,18.5945,
24/10/2016,18.5945,
25/10/2016,18.6481,
26/10/2016,18.5658,
27/10/2016,18.5147,
28/10/2016,18.6485,
29/10/2016,18.8443,
30/10/2016,18.8443,
31/10/2016,18.8443,
01/11/2016,18.7304,
02/11/2016,18.8887,
03/11/2016,18.8887,
04/11/2016,19.1306,
05/11/2016,19.2014,
06/11/2016,19.2014,
07/11/2016,19.2014,
08/11/2016,19.0792,
09/11/2016,18.6192,
10/11/2016,18.5089,
11/11/2016,19.9250,
12/11/2016,20.4812,
13/11/2016,20.4812,
14/11/2016,20.4812,
15/11/2016,21.0511,
16/11/2016,20.8729,
17/11/2016,20.3490,
18/11/2016,20.2884,
19/11/2016,20.1898,
20/11/2016,20.1898,
21/11/2016,20.1898,
22/11/2016,20.1898,
23/11/2016,20.4193,
24/11/2016,20.5205,
25/11/2016,20.6901,
26/11/2016,20.7051,
27/11/2016,20.7051,
28/11/2016,20.7051,
29/11/2016,20.6475,
30/11/2016,20.5521,
01/12/2016,20.6225,
02/12/2016,20.5155,
03/12/2016,20.7488,
04/12/2016,20.7488,
05/12/2016,20.7488,
06/12/2016,20.6149,
07/12/2016,20.5927,
08/12/2016,20.3863,
09/12/2016,20.2967,
10/12/2016,20.4162,
11/12/2016,20.4162,
12/12/2016,20.4162,
13/12/2016,20.4162,
14/12/2016,20.3305,
15/12/2016,20.2567,
16/12/2016,20.2226,
17/12/2016,20.5973,
18/12/2016,20.5973,
19/12/2016,20.5973,
20/12/2016,20.4280,
21/12/2016,20.4098,
22/12/2016,20.4300,
23/12/2016,20.4921,
24/12/2016,20.7179,
25/12/2016,20.7179,
26/12/2016,20.7179,
27/12/2016,20.6271,
28/12/2016,20.6445,
29/12/2016,20.7052,
30/12/2016,20.7314,
31/12/2016,20.6640,
01/01/2017,20.6640,
02/01/2017,20.6640,
03/01/2017,20.6194,
04/01/2017,20.7323,
05/01/2017,20.8520,
06/01/2017,21.3799,
07/01/2017,21.3661,
08/01/2017,21.3661,
09/01/2017,21.3661,
10/01/2017,21.3144,
11/01/2017,21.3219,
12/01/2017,21.6168,
13/01/2017,21.9076,
14/01/2017,21.7204,
15/01/2017,21.7204,
16/01/2017,21.7204,
17/01/2017,21.6330,
18/01/2017,21.6643,
19/01/2017,21.5738,
20/01/2017,21.8514,
21/01/2017,21.9044,
22/01/2017,21.9044,
23/01/2017,21.9044,
24/01/2017,21.7002,
25/01/2017,21.4512,
26/01/2017,21.3692,
27/01/2017,21.3439,
28/01/2017,21.2024,
29/01/2017,21.2024,
30/01/2017,21.2024,
31/01/2017,21.0212,
01/02/2017,20.7588,
02/02/2017,20.7908,
03/02/2017,20.7752,
04/02/2017,20.5757,
05/02/2017,20.5757,
06/02/2017,20.5757,
07/02/2017,20.5757,
08/02/2017,20.3439,
09/02/2017,20.6370,
10/02/2017,20.4994,
11/02/2017,20.4163,
12/02/2017,20.4163,
13/02/2017,20.4163,
14/02/2017,20.3535,
15/02/2017,20.3280,
16/02/2017,20.3507,
17/02/2017,20.3254,
18/02/2017,20.3325,
19/02/2017,20.3325,
20/02/2017,20.3325,
21/02/2017,20.4526,
22/02/2017,20.4059,
23/02/2017,20.4489,
24/02/2017,19.9127,
25/02/2017,19.7011,
26/02/2017,19.7011,
27/02/2017,19.7011,
28/02/2017,19.8335,
01/03/2017,19.8322,
02/03/2017,19.9957,
03/03/2017,19.9007,
04/03/2017,19.9373,
05/03/2017,19.9373,
06/03/2017,19.9373,
07/03/2017,19.6147,
08/03/2017,19.5538,
09/03/2017,19.5210,
10/03/2017,19.6007,
11/03/2017,19.7974,
12/03/2017,19.7974,
13/03/2017,19.7974,
14/03/2017,19.6279,
15/03/2017,19.5803,
16/03/2017,19.6543,
17/03/2017,19.4493,
18/03/2017,19.1730,
19/03/2017,19.1730,
20/03/2017,19.1730,
21/03/2017,19.1730,
22/03/2017,19.1170,
23/03/2017,19.1070,
24/03/2017,19.0837,
25/03/2017,18.9877,
26/03/2017,18.9877,
27/03/2017,18.9877,
28/03/2017,18.8528,
29/03/2017,18.8661,
30/03/2017,18.8853,
31/03/2017,18.8092,
01/04/2017,18.7079,
02/04/2017,18.7079,
03/04/2017,18.7079,
04/04/2017,18.7955,
05/04/2017,18.7320,
06/04/2017,18.8334,
07/04/2017,18.7192,
08/04/2017,18.7696,
09/04/2017,18.7696,
10/04/2017,18.7696,
11/04/2017,18.6560,
12/04/2017,18.6923,
13/04/2017,18.7646,
14/04/2017,18.7646,
15/04/2017,18.7646,
16/04/2017,18.7646,
17/04/2017,18.7646,
18/04/2017,18.7528,
19/04/2017,18.5582,
20/04/2017,18.4863,
21/04/2017,18.8374,
22/04/2017,18.8187,
23/04/2017,18.8187,
24/04/2017,18.8187,
25/04/2017,18.8413,
26/04/2017,18.6521,
27/04/2017,18.9225,
28/04/2017,19.1119,
29/04/2017,19.0670,
30/04/2017,19.0670,
01/05/2017,19.0670,
02/05/2017,19.0670,
03/05/2017,18.9594,
04/05/2017,18.7731,
05/05/2017,18.8031,
06/05/2017,19.0019,
07/05/2017,19.0019,
08/05/2017,19.0019,
09/05/2017,19.0137,
10/05/2017,19.1164,
11/05/2017,19.1364,
12/05/2017,18.9587,
13/05/2017,18.9039,
14/05/2017,18.9039,
15/05/2017,18.9039,
16/05/2017,18.7594,
17/05/2017,18.6700,
18/05/2017,18.6183,
19/05/2017,18.6761,
20/05/2017,18.8898,
21/05/2017,18.8898,
22/05/2017,18.8898,
23/05/2017,18.6859,
24/05/2017,18.6633,
25/05/2017,18.6150,
26/05/2017,18.5689,
27/05/2017,18.4185,
28/05/2017,18.4185,
29/05/2017,18.4185,
30/05/2017,18.4849,
31/05/2017,18.5121,
01/06/2017,18.6643,
02/06/2017,18.6909,
03/06/2017,18.5941,
04/06/2017,18.5941,
05/06/2017,18.5941,
06/06/2017,18.6204,
07/06/2017,18.3819,
08/06/2017,18.2762,
09/06/2017,18.2278,
10/06/2017,18.1946,
11/06/2017,18.1946,
12/06/2017,18.1946,
13/06/2017,18.1939,
14/06/2017,18.1802,
15/06/2017,18.0725,
16/06/2017,17.9343,
17/06/2017,18.1154,
18/06/2017,18.1154,
19/06/2017,18.1154,
20/06/2017,17.9321,
21/06/2017,17.9519,
22/06/2017,18.1167,
23/06/2017,18.1570,
24/06/2017,18.1270,
25/06/2017,18.1270,
26/06/2017,18.1270,
27/06/2017,17.9900,
28/06/2017,17.8775,
29/06/2017,17.9862,
30/06/2017,17.8973,
01/07/2017,18.0279,
02/07/2017,18.0279,
03/07/2017,18.0279,
04/07/2017,18.0626,
05/07/2017,18.2064,
06/07/2017,18.2036,
07/07/2017,18.3556,
08/07/2017,18.3227,
09/07/2017,18.3227,
10/07/2017,18.3227,
11/07/2017,18.1394,
12/07/2017,17.9751,
13/07/2017,17.9482,
14/07/2017,17.7708,
15/07/2017,17.7422,
16/07/2017,17.7422,
17/07/2017,17.7422,
18/07/2017,17.5613,
19/07/2017,17.5836,
20/07/2017,17.5134,
21/07/2017,17.4937,
22/07/2017,17.5260,
23/07/2017,17.5260,
24/07/2017,17.5260,
25/07/2017,17.5618,
26/07/2017,17.6893,
27/07/2017,17.7492,
28/07/2017,17.7561,
29/07/2017,17.6886,
30/07/2017,17.6886,
31/07/2017,17.6886,
01/08/2017,17.7435,
02/08/2017,17.8646,
03/08/2017,17.8108,
04/08/2017,17.8696,
05/08/2017,17.8733,
06/08/2017,17.8733,
07/08/2017,17.8733,
08/08/2017,17.8798,
09/08/2017,17.9641,
10/08/2017,17.9160,
11/08/2017,17.9671,
12/08/2017,17.9073,
13/08/2017,17.9073,
14/08/2017,17.9073,
15/08/2017,17.8470,
16/08/2017,17.7755,
17/08/2017,17.8483,
18/08/2017,17.7160,
19/08/2017,17.7324,
20/08/2017,17.7324,
21/08/2017,17.7324,
22/08/2017,17.8584,
23/08/2017,17.6501,
24/08/2017,17.6458,
25/08/2017,17.7113,
26/08/2017,17.6977,
27/08/2017,17.6977,
28/08/2017,17.6977,
29/08/2017,17.6205,
30/08/2017,17.8049,
31/08/2017,17.8760,
01/09/2017,17.7753,
02/09/2017,17.8145,
03/09/2017,17.8145,
04/09/2017,17.8145,
05/09/2017,17.7861,
06/09/2017,17.8683,
07/09/2017,17.8360,
08/09/2017,17.8136,
09/09/2017,17.6965,
10/09/2017,17.6965,
11/09/2017,17.6965,
12/09/2017,17.7331,
13/09/2017,17.6443,
14/09/2017,17.7810,
15/09/2017,17.7836,
16/09/2017,17.7278,
17/09/2017,17.7278,
18/09/2017,17.7278,
19/09/2017,17.6857,
20/09/2017,17.7610,
21/09/2017,17.7643,
22/09/2017,17.7009,
23/09/2017,17.8545,
24/09/2017,17.8545,
25/09/2017,17.8545,
26/09/2017,17.7487,
27/09/2017,17.8831,
28/09/2017,17.9933,
29/09/2017,18.1300,
30/09/2017,18.1979,
01/10/2017,18.1979,
02/10/2017,18.1979,
03/10/2017,18.1590,
04/10/2017,18.2337,
05/10/2017,18.2113,
06/10/2017,18.2282,
07/10/2017,18.3060,
08/10/2017,18.3060,
09/10/2017,18.3060,
10/10/2017,18.5522,
11/10/2017,18.6646,
12/10/2017,18.6327,
13/10/2017,18.7180,
14/10/2017,18.7631,
15/10/2017,18.7631,
16/10/2017,18.7631,
17/10/2017,18.9008,
18/10/2017,19.0753,
19/10/2017,19.0117,
20/10/2017,18.8869,
21/10/2017,18.8248,
22/10/2017,18.8248,
23/10/2017,18.8248,
24/10/2017,19.0080,
25/10/2017,19.0489,
26/10/2017,19.2009,
27/10/2017,19.0770,
28/10/2017,19.0960,
29/10/2017,19.0960,
30/10/2017,19.0960,
31/10/2017,19.1474,
01/11/2017,19.2188,
02/11/2017,19.1478,
03/11/2017,19.1478,
04/11/2017,19.1241,
05/11/2017,19.1241,
06/11/2017,19.1241,
07/11/2017,19.1850,
08/11/2017,19.0814,
09/11/2017,19.1349,
10/11/2017,19.0718,
11/11/2017,19.0900,
12/11/2017,19.0900,
13/11/2017,19.0900,
14/11/2017,19.0526,
15/11/2017,19.1680,
16/11/2017,19.1334,
17/11/2017,19.2268,
18/11/2017,19.1224,
19/11/2017,19.1224,
20/11/2017,19.1224,
21/11/2017,19.1224,
22/11/2017,18.9724,
23/11/2017,18.8242,
24/11/2017,18.7400,
25/11/2017,18.6041,
26/11/2017,18.6041,
27/11/2017,18.6041,
28/11/2017,18.5379,
29/11/2017,18.5200,
30/11/2017,18.5848,
01/12/2017,18.5190,
02/12/2017,18.6229,
03/12/2017,18.6229,
04/12/2017,18.6229,
05/12/2017,18.6399,
06/12/2017,18.6420,
07/12/2017,18.6958,
08/12/2017,18.8897,
09/12/2017,18.9315,
10/12/2017,18.9315,
11/12/2017,18.9315,
12/12/2017,18.9445,
13/12/2017,18.9445,
14/12/2017,18.9740,
15/12/2017,19.1391,
16/12/2017,19.1202,
17/12/2017,19.1202,
18/12/2017,19.1202,
19/12/2017,19.1289,
20/12/2017,19.0289,
21/12/2017,19.1913,
22/12/2017,19.2291,
23/12/2017,19.3962,
24/12/2017,19.3962,
25/12/2017,19.3962,
26/12/2017,19.3962,
27/12/2017,19.5848,
28/12/2017,19.7223,
29/12/2017,19.7867,
30/12/2017,19.7354,
31/12/2017,19.7354,
01/01/2018,19.7354,
02/01/2018,19.7354,
03/01/2018,19.6629,
04/01/2018,19.4899,
05/01/2018,19.3717,
06/01/2018,19.2427,
07/01/2018,19.2427,
08/01/2018,19.2427,
09/01/2018,19.2737,
10/01/2018,19.2323,
11/01/2018,19.3065,
12/01/2018,19.2405,
13/01/2018,19.3433,
14/01/2018,19.3433,
15/01/2018,19.3433,
16/01/2018,19.0446,
17/01/2018,18.8113,
18/01/2018,18.8362,
19/01/2018,18.6550,
20/01/2018,18.6361,
21/01/2018,18.6361,
22/01/2018,18.6361,
23/01/2018,18.5813,
24/01/2018,18.7118,
25/01/2018,18.7980,
26/01/2018,18.5178,
27/01/2018,18.4780,
28/01/2018,18.4780,
29/01/2018,18.4780,
30/01/2018,18.4672,
31/01/2018,18.6196,
01/02/2018,18.6982,
02/02/2018,18.6069,
03/02/2018,18.4004,
04/02/2018,18.4004,
05/02/2018,18.4004,
06/02/2018,18.4004,
07/02/2018,18.5248,
08/02/2018,18.7009,
09/02/2018,18.6492,
10/02/2018,18.8815,
11/02/2018,18.8815,
12/02/2018,18.8815,
13/02/2018,18.8623,
14/02/2018,18.6703,
15/02/2018,18.6269,
16/02/2018,18.6025,
17/02/2018,18.5159,
18/02/2018,18.5159,
19/02/2018,18.5159,
20/02/2018,18.4797,
21/02/2018,18.5360,
22/02/2018,18.6594,
23/02/2018,18.6518,
24/02/2018,18.6574,
25/02/2018,18.6574,
26/02/2018,18.6574,
27/02/2018,18.5659,
28/02/2018,18.6456,
01/03/2018,18.7902,
02/03/2018,18.8331,
03/03/2018,18.8610,
04/03/2018,18.8610,
05/03/2018,18.8610,
06/03/2018,18.8909,
07/03/2018,18.8838,
08/03/2018,18.7246,
09/03/2018,18.7922,
10/03/2018,18.7148,
11/03/2018,18.7148,
12/03/2018,18.7148,
13/03/2018,18.5812,
14/03/2018,18.6199,
15/03/2018,18.5604,
16/03/2018,18.5854,
17/03/2018,18.7023,
18/03/2018,18.7023,
19/03/2018,18.7023,
20/03/2018,18.7023,
21/03/2018,18.7216,
22/03/2018,18.7614,
23/03/2018,18.6001,
24/03/2018,18.5078,
25/03/2018,18.5078,
26/03/2018,18.5078,
27/03/2018,18.5364,
28/03/2018,18.3268,
29/03/2018,18.3445,
30/03/2018,18.3445,
31/03/2018,18.3445,
01/04/2018,18.3445,
02/04/2018,18.3445,
03/04/2018,18.2709,
04/04/2018,18.2967,
05/04/2018,18.2044,
06/04/2018,18.2244,
07/04/2018,18.1081,
08/04/2018,18.1081,
09/04/2018,18.1081,
10/04/2018,18.2888,
11/04/2018,18.2753,
12/04/2018,18.2882,
13/04/2018,18.2018,
14/04/2018,18.1353,
15/04/2018,18.1353,
16/04/2018,18.1353,
17/04/2018,18.0870,
18/04/2018,18.0394,
19/04/2018,17.9787,
20/04/2018,18.0333,
21/04/2018,18.2819,
22/04/2018,18.2819,
23/04/2018,18.2819,
24/04/2018,18.6210,
25/04/2018,18.8628,
26/04/2018,18.8139,
27/04/2018,19.0530,
28/04/2018,18.8644,
29/04/2018,18.8644,
30/04/2018,18.8644,
01/05/2018,18.6847,
02/05/2018,18.6847,
03/05/2018,18.7878,
04/05/2018,19.0943,
05/05/2018,19.1223,
06/05/2018,19.1223,
07/05/2018,19.1223,
08/05/2018,19.2017,
09/05/2018,19.4232,
10/05/2018,19.5781,
11/05/2018,19.5387,
12/05/2018,19.2989,
13/05/2018,19.2989,
14/05/2018,19.2989,
15/05/2018,19.3539,
16/05/2018,19.5214,
17/05/2018,19.7854,
18/05/2018,19.7094,
19/05/2018,19.7033,
20/05/2018,19.7033,
21/05/2018,19.7033,
22/05/2018,19.9319,
23/05/2018,19.9054,
24/05/2018,19.7528,
25/05/2018,19.7661,
26/05/2018,19.7048,
27/05/2018,19.7048,
28/05/2018,19.7048,
29/05/2018,19.5608,
30/05/2018,19.5915,
31/05/2018,19.7499,
01/06/2018,19.7322,
02/06/2018,19.9759,
03/06/2018,19.9759,
04/06/2018,19.9759,
05/06/2018,19.8662,
06/06/2018,19.9934,
07/06/2018,20.3863,
08/06/2018,20.3129,
09/06/2018,20.4600,
10/06/2018,20.4600,
11/06/2018,20.4600,
12/06/2018,20.5281,
13/06/2018,20.4722,
14/06/2018,20.5960,
15/06/2018,20.6259,
16/06/2018,20.6953,
17/06/2018,20.6953,
18/06/2018,20.6953,
19/06/2018,20.7160,
20/06/2018,20.6968,
21/06/2018,20.5531,
22/06/2018,20.3937,
23/06/2018,20.3689,
24/06/2018,20.3689,
25/06/2018,20.3689,
26/06/2018,20.1264,
27/06/2018,20.0908,
28/06/2018,19.8754,
29/06/2018,20.0553,
30/06/2018,19.8633,
01/07/2018,19.8633,
02/07/2018,19.8633,
03/07/2018,19.6912,
04/07/2018,20.1453,
05/07/2018,19.5974,
06/07/2018,19.4284,
07/07/2018,19.2513,
08/07/2018,19.2513,
09/07/2018,19.2513,
10/07/2018,19.0719,
11/07/2018,19.1563,
12/07/2018,19.0559,
13/07/2018,18.9632,
14/07/2018,18.8241,
15/07/2018,18.8241,
16/07/2018,18.8241,
17/07/2018,18.8854,
18/07/2018,18.8360,
19/07/2018,18.8763,
20/07/2018,18.9100,
21/07/2018,19.0790,
22/07/2018,19.0790,
23/07/2018,19.0790,
24/07/2018,19.0694,
25/07/2018,19.0761,
26/07/2018,18.8506,
27/07/2018,18.7709,
28/07/2018,18.6234,
29/07/2018,18.6234,
30/07/2018,18.6234,
31/07/2018,18.5515,
01/08/2018,18.5413,
02/08/2018,18.6457,
03/08/2018,18.5899,
04/08/2018,18.6349,
05/08/2018,18.6349,
06/08/2018,18.6349,
07/08/2018,18.5725,
08/08/2018,18.5433,
09/08/2018,18.4631,
10/08/2018,18.4542,
11/08/2018,18.6511,
12/08/2018,18.6511,
13/08/2018,18.6511,
14/08/2018,18.9273,
15/08/2018,19.1801,
16/08/2018,18.9973,
17/08/2018,19.2339,
18/08/2018,19.0100,
19/08/2018,19.0100,
20/08/2018,19.0100,
21/08/2018,19.0615,
22/08/2018,19.0305,
23/08/2018,18.8784,
24/08/2018,18.8176,
25/08/2018,18.8672,
26/08/2018,18.8672,
27/08/2018,18.8672,
28/08/2018,18.8339,
29/08/2018,18.6697,
30/08/2018,18.9354,
31/08/2018,19.0659,
01/09/2018,19.1258,
02/09/2018,19.1258,
03/09/2018,19.1258,
04/09/2018,19.1792,
05/09/2018,19.2137,
06/09/2018,19.3609,
07/09/2018,19.4433,
08/09/2018,19.3546,
09/09/2018,19.3546,
10/09/2018,19.3546,
11/09/2018,19.2394,
12/09/2018,19.2989,
13/09/2018,19.2680,
14/09/2018,19.0511,
15/09/2018,18.8775,
16/09/2018,18.8775,
17/09/2018,18.8775,
18/09/2018,18.8689,
19/09/2018,18.8399,
20/09/2018,18.7694,
21/09/2018,18.7672,
22/09/2018,18.8296,
23/09/2018,18.8296,
24/09/2018,18.8296,
25/09/2018,18.8539,
26/09/2018,18.8516,
27/09/2018,18.9870,
28/09/2018,18.8986,
29/09/2018,18.8120,
30/09/2018,18.8120,
01/10/2018,18.8120,
02/10/2018,18.7231,
03/10/2018,18.6531,
04/10/2018,18.7503,
05/10/2018,18.8014,
06/10/2018,19.1328,
07/10/2018,19.1328,
08/10/2018,19.1328,
09/10/2018,18.9444,
10/10/2018,18.9234,
11/10/2018,19.0000,
12/10/2018,19.1183,
13/10/2018,19.0217,
14/10/2018,19.0217,
15/10/2018,19.0217,
16/10/2018,18.9202,
17/10/2018,18.8096,
18/10/2018,18.7693,
19/10/2018,18.8012,
20/10/2018,19.1018,
21/10/2018,19.1018,
22/10/2018,19.1018,
23/10/2018,19.2183,
24/10/2018,19.3669,
25/10/2018,19.4169,
26/10/2018,19.4623,
27/10/2018,19.4383,
28/10/2018,19.4383,
29/10/2018,19.4383,
30/10/2018,19.4790,
31/10/2018,19.8022,
01/11/2018,20.0258,
02/11/2018,20.3177,
03/11/2018,20.3177,
04/11/2018,20.3177,
05/11/2018,20.3177,
06/11/2018,20.1329,
07/11/2018,19.9636,
08/11/2018,19.8609,
09/11/2018,19.8245,
10/11/2018,20.0438,
11/11/2018,20.0438,
12/11/2018,20.0438,
13/11/2018,20.3614,
14/11/2018,20.3179,
15/11/2018,20.5158,
16/11/2018,20.3979,
17/11/2018,20.3371,
18/11/2018,20.3371,
19/11/2018,20.3371,
20/11/2018,20.3371,
21/11/2018,20.1550,
22/11/2018,20.4123,
23/11/2018,20.2023,
24/11/2018,20.2984,
25/11/2018,20.2984,
26/11/2018,20.2984,
27/11/2018,20.3935,
28/11/2018,20.5304,
29/11/2018,20.4977,
30/11/2018,20.4108,
01/12/2018,20.2217,
02/12/2018,20.2217,
03/12/2018,20.2217,
04/12/2018,20.3455,
05/12/2018,20.2346,
06/12/2018,20.5123,
07/12/2018,20.5672,
08/12/2018,20.4705,
09/12/2018,20.4705,
10/12/2018,20.4705,
11/12/2018,20.2609,
12/12/2018,20.3621,
13/12/2018,20.3621,
14/12/2018,20.2889,
15/12/2018,20.2566,
16/12/2018,20.2566,
17/12/2018,20.2566,
18/12/2018,20.3337,
19/12/2018,20.1126,
20/12/2018,20.1277,
21/12/2018,20.0293,
22/12/2018,19.9082,
23/12/2018,19.9082,
24/12/2018,19.9082,
25/12/2018,19.9275,
26/12/2018,19.9275,
27/12/2018,19.8473,
28/12/2018,19.8823,
29/12/2018,19.6829,
30/12/2018,19.6829,
31/12/2018,19.6829,
01/01/2019,19.6566,
02/01/2019,19.6566,
03/01/2019,19.6512,
04/01/2019,19.5878,
05/01/2019,19.6073,
06/01/2019,19.6073,
07/01/2019,19.6073,
08/01/2019,19.4902,
09/01/2019,19.3208,
10/01/2019,19.3479,
11/01/2019,19.2456,
12/01/2019,19.1714,
13/01/2019,19.1714,
14/01/2019,19.1714,
15/01/2019,19.1236,
16/01/2019,19.0064,
17/01/2019,19.0457,
18/01/2019,18.9908,
19/01/2019,19.0630,
20/01/2019,19.0630,
21/01/2019,19.0630,
22/01/2019,19.0844,
23/01/2019,19.1902,
24/01/2019,19.1297,
25/01/2019,19.0771,
26/01/2019,18.9859,
27/01/2019,18.9859,
28/01/2019,18.9859,
29/01/2019,18.9280,
30/01/2019,19.0381,
31/01/2019,18.9972,
01/02/2019,19.1623,
02/02/2019,19.0388,
03/02/2019,19.0388,
04/02/2019,19.0388,
05/02/2019,19.0388,
06/02/2019,19.1098,
07/02/2019,19.0824,
08/02/2019,19.1058,
09/02/2019,19.0800,
10/02/2019,19.0800,
11/02/2019,19.0800,
12/02/2019,19.0893,
13/02/2019,19.2524,
14/02/2019,19.2592,
15/02/2019,19.4084,
16/02/2019,19.3569,
17/02/2019,19.3569,
18/02/2019,19.3569,
19/02/2019,19.3625,
20/02/2019,19.2578,
21/02/2019,19.1778,
22/02/2019,19.1835,
23/02/2019,19.2652,
24/02/2019,19.2652,
25/02/2019,19.2652,
26/02/2019,19.1394,
27/02/2019,19.1185,
28/02/2019,19.1630,
01/03/2019,19.2201,
02/03/2019,19.2607,
03/03/2019,19.2607,
04/03/2019,19.2607,
05/03/2019,19.2978,
06/03/2019,19.3039,
07/03/2019,19.2597,
08/03/2019,19.3708,
09/03/2019,19.5225,
10/03/2019,19.5225,
11/03/2019,19.5225,
12/03/2019,19.4902,
13/03/2019,19.4243,
14/03/2019,19.3049,
15/03/2019,19.3320,
16/03/2019,19.3233,
17/03/2019,19.3233,
18/03/2019,19.3233,
19/03/2019,19.3233,
20/03/2019,19.2176,
21/03/2019,19.0004,
22/03/2019,18.9098,
23/03/2019,18.8694,
24/03/2019,18.8694,
25/03/2019,18.8694,
26/03/2019,19.1369,
27/03/2019,19.0151,
28/03/2019,19.0989,
29/03/2019,19.3201,
30/03/2019,19.3793,
31/03/2019,19.3793,
01/04/2019,19.3793,
02/04/2019,19.3779,
03/04/2019,19.2169,
04/04/2019,19.2279,
05/04/2019,19.1805,
06/04/2019,19.1728,
07/04/2019,19.1728,
08/04/2019,19.1728,
09/04/2019,19.0805,
10/04/2019,18.9701,
11/04/2019,18.9229,
12/04/2019,18.8360,
13/04/2019,18.8432,
14/04/2019,18.8432,
15/04/2019,18.8432,
16/04/2019,18.7719,
17/04/2019,18.8489,
18/04/2019,18.9516,
19/04/2019,18.9516,
20/04/2019,18.9516,
21/04/2019,18.9516,
22/04/2019,18.9516,
23/04/2019,18.8480,
24/04/2019,18.8359,
25/04/2019,18.9578,
26/04/2019,19.0046,
27/04/2019,19.0942,
28/04/2019,19.0942,
29/04/2019,19.0942,
30/04/2019,18.9414,
01/05/2019,19.0120,
02/05/2019,19.0120,
03/05/2019,19.0099,
04/05/2019,19.1014,
05/05/2019,19.1014,
06/05/2019,19.1014,
07/05/2019,19.0012,
08/05/2019,18.9781,
09/05/2019,19.0499,
10/05/2019,19.0837,
11/05/2019,19.2623,
12/05/2019,19.2623,
13/05/2019,19.2623,
14/05/2019,19.1374,
15/05/2019,19.1928,
16/05/2019,19.1427,
17/05/2019,19.1236,
18/05/2019,19.0710,
19/05/2019,19.0710,
20/05/2019,19.0710,
21/05/2019,19.1454,
22/05/2019,19.0908,
23/05/2019,19.0309,
24/05/2019,18.9755,
25/05/2019,19.0122,
26/05/2019,19.0122,
27/05/2019,19.0122,
28/05/2019,19.0658,
29/05/2019,19.0521,
30/05/2019,19.1652,
31/05/2019,19.2395,
01/06/2019,19.0683,
02/06/2019,19.0683,
03/06/2019,19.0683,
04/06/2019,19.6426,
05/06/2019,19.7609,
06/06/2019,19.6007,
07/06/2019,19.5418,
08/06/2019,19.7084,
09/06/2019,19.7084,
10/06/2019,19.7084,
11/06/2019,19.6528,
12/06/2019,19.2040,
13/06/2019,19.1222,
14/06/2019,19.1383,
15/06/2019,19.1645,
16/06/2019,19.1645,
17/06/2019,19.1645,
18/06/2019,19.1487,
19/06/2019,19.1924,
20/06/2019,19.1011,
21/06/2019,19.1753,
22/06/2019,18.9804,
23/06/2019,18.9804,
24/06/2019,18.9804,
25/06/2019,19.0661,
26/06/2019,19.1833,
27/06/2019,19.2271,
28/06/2019,19.1442,
29/06/2019,19.1685,
30/06/2019,19.1685,
01/07/2019,19.1685,
02/07/2019,19.2087,
03/07/2019,19.0760,
04/07/2019,19.0694,
05/07/2019,19.0502,
06/07/2019,18.9947,
07/07/2019,18.9947,
08/07/2019,18.9947,
09/07/2019,19.0446,
10/07/2019,18.9116,
11/07/2019,19.0043,
12/07/2019,19.2425,
13/07/2019,19.1227,
14/07/2019,19.1227,
15/07/2019,19.1227,
16/07/2019,19.0307,
17/07/2019,18.9803,
18/07/2019,19.0781,
19/07/2019,19.0233,
20/07/2019,19.0108,
21/07/2019,19.0108,
22/07/2019,19.0108,
23/07/2019,19.0123,
24/07/2019,19.0659,
25/07/2019,19.1315,
26/07/2019,19.0894,
27/07/2019,19.0623,
28/07/2019,19.0623,
29/07/2019,19.0623,
30/07/2019,19.0699,
31/07/2019,19.0900,
01/08/2019,19.0747,
02/08/2019,18.9929,
03/08/2019,19.1627,
04/08/2019,19.1627,
05/08/2019,19.1627,
06/08/2019,19.3116,
07/08/2019,19.5731,
08/08/2019,19.6291,
09/08/2019,19.6953,
10/08/2019,19.5118,
11/08/2019,19.5118,
12/08/2019,19.5118,
13/08/2019,19.4283,
14/08/2019,19.5803,
15/08/2019,19.4630,
16/08/2019,19.5763,
17/08/2019,19.6365,
18/08/2019,19.6365,
19/08/2019,19.6365,
20/08/2019,19.5669,
21/08/2019,19.8153,
22/08/2019,19.7522,
23/08/2019,19.6798,
24/08/2019,19.7467,
25/08/2019,19.7467,
26/08/2019,19.7467,
27/08/2019,19.8402,
28/08/2019,19.9086,
29/08/2019,19.9934,
30/08/2019,20.0314,
31/08/2019,20.0988,
01/09/2019,20.0988,
02/09/2019,20.0988,
03/09/2019,20.0696,
04/09/2019,20.1253,
05/09/2019,20.0039,
06/09/2019,19.7806,
07/09/2019,19.6834,
08/09/2019,19.6834,
09/09/2019,19.6834,
10/09/2019,19.5623,
11/09/2019,19.5398,
12/09/2019,19.5354,
13/09/2019,19.5478,
14/09/2019,19.4265,
15/09/2019,19.4265,
16/09/2019,19.4265,
17/09/2019,19.4265,
18/09/2019,19.3665,
19/09/2019,19.4262,
20/09/2019,19.3528,
21/09/2019,19.3981,
22/09/2019,19.3981,
23/09/2019,19.3981,
24/09/2019,19.4478,
25/09/2019,19.4459,
26/09/2019,19.4587,
27/09/2019,19.5775,
28/09/2019,19.6363,
29/09/2019,19.6363,
30/09/2019,19.6363,
01/10/2019,19.6808,
02/10/2019,19.7345,
03/10/2019,19.7792,
04/10/2019,19.7985,
05/10/2019,19.7368,
06/10/2019,19.7368,
07/10/2019,19.7368,
08/10/2019,19.5255,
09/10/2019,19.5522,
10/10/2019,19.5840,
11/10/2019,19.5689,
12/10/2019,19.4764,
13/10/2019,19.4764,
14/10/2019,19.4764,
15/10/2019,19.3217,
16/10/2019,19.2652,
17/10/2019,19.2520,
18/10/2019,19.2135,
19/10/2019,19.1602,
20/10/2019,19.1602,
21/10/2019,19.1602,
22/10/2019,19.1492,
23/10/2019,19.1422,
24/10/2019,19.1050,
25/10/2019,19.1258,
26/10/2019,19.0878,
27/10/2019,19.0878,
28/10/2019,19.0878,
29/10/2019,19.0820,
30/10/2019,19.0543,
31/10/2019,19.1167,
01/11/2019,19.1643,
02/11/2019,19.1948,
03/11/2019,19.1948,
04/11/2019,19.1948,
05/11/2019,19.1058,
06/11/2019,19.1525,
07/11/2019,19.2125,
08/11/2019,19.1953,
09/11/2019,19.1327,
10/11/2019,19.1327,
11/11/2019,19.1327,
12/11/2019,19.1068,
13/11/2019,19.1090,
14/11/2019,19.2178,
15/11/2019,19.4543,
16/11/2019,19.4228,
17/11/2019,19.4228,
18/11/2019,19.4228,
19/11/2019,19.4228,
20/11/2019,19.2063,
21/11/2019,19.3687,
22/11/2019,19.4800,
23/11/2019,19.4138,
24/11/2019,19.4138,
25/11/2019,19.4138,
26/11/2019,19.3987,
27/11/2019,19.4468,
28/11/2019,19.5185,
29/11/2019,19.5607,
30/11/2019,19.6113,
01/12/2019,19.6113,
02/12/2019,19.6113,
03/12/2019,19.5352,
04/12/2019,19.5717,
05/12/2019,19.5678,
06/12/2019,19.4707,
07/12/2019,19.3688,
08/12/2019,19.3688,
09/12/2019,19.3688,
10/12/2019,19.3247,
11/12/2019,19.2302,
12/12/2019,19.2362,
13/12/2019,19.2362,
14/12/2019,19.1785,
15/12/2019,19.1785,
16/12/2019,19.1785,
17/12/2019,19.0455,
18/12/2019,18.9702,
19/12/2019,18.9165,
20/12/2019,18.9542,
21/12/2019,18.9640,
22/12/2019,18.9640,
23/12/2019,18.9640,
24/12/2019,18.9133,
25/12/2019,18.9385,
26/12/2019,18.9385,
27/12/2019,18.9643,
28/12/2019,18.9445,
29/12/2019,18.9445,
30/12/2019,18.9445,
31/12/2019,18.8452,
01/01/2020,18.8727,
02/01/2020,18.8727,
03/01/2020,18.8642,
04/01/2020,18.8817,
05/01/2020,18.8817,
06/01/2020,18.8817,
07/01/2020,18.8673,
08/01/2020,18.8270,
09/01/2020,18.8852,
10/01/2020,18.7980,
11/01/2020,18.8453,
12/01/2020,18.8453,
13/01/2020,18.8453,
14/01/2020,18.7732,
15/01/2020,18.8215,
16/01/2020,18.8120,
17/01/2020,18.8077,
18/01/2020,18.7930,
19/01/2020,18.7930,
20/01/2020,18.7930,
21/01/2020,18.7388,
22/01/2020,18.6725,
23/01/2020,18.7007,
24/01/2020,18.6883,
25/01/2020,18.8018,
26/01/2020,18.8018,
27/01/2020,18.8018,
28/01/2020,18.8313,
29/01/2020,18.9407,
30/01/2020,18.8022,
31/01/2020,18.7067,
01/02/2020,18.7853,
02/02/2020,18.7853,
03/02/2020,18.7853,
04/02/2020,18.7853,
05/02/2020,18.9082,
06/02/2020,18.6797,
07/02/2020,18.6245,
08/02/2020,18.6645,
09/02/2020,18.6645,
10/02/2020,18.6645,
11/02/2020,18.7763,
12/02/2020,18.7653,
13/02/2020,18.6740,
14/02/2020,18.6308,
15/02/2020,18.6458,
16/02/2020,18.6458,
17/02/2020,18.6458,
18/02/2020,18.5712,
19/02/2020,18.5715,
20/02/2020,18.5952,
21/02/2020,18.5910,
22/02/2020,18.7992,
23/02/2020,18.7992,
24/02/2020,18.7992,
25/02/2020,18.9138,
26/02/2020,19.1197,
27/02/2020,19.0878,
28/02/2020,19.1585,
29/02/2020,19.3973,
01/03/2020,19.3973,
02/03/2020,19.3973,
03/03/2020,19.7760,
04/03/2020,19.6985,
05/03/2020,19.2837,
06/03/2020,19.5335,
07/03/2020,19.8095,
08/03/2020,19.8095,
09/03/2020,19.8095,
10/03/2020,20.1623,
11/03/2020,21.1117,
12/03/2020,21.0267,
13/03/2020,21.2130,
14/03/2020,22.1518,
15/03/2020,22.1518,
16/03/2020,22.1518,
17/03/2020,22.1518,
18/03/2020,21.9288,
19/03/2020,23.0573,
20/03/2020,23.9008,
21/03/2020,24.0868,
22/03/2020,24.0868,
23/03/2020,24.0868,
24/03/2020,24.1113,
25/03/2020,25.0782,
26/03/2020,25.1185,
27/03/2020,24.2948,
28/03/2020,23.0970,
29/03/2020,23.0970,
30/03/2020,23.0970,
31/03/2020,23.5122,
01/04/2020,24.2853,
02/04/2020,23.4847,
03/04/2020,24.4918,
04/04/2020,24.1087,
05/04/2020,24.1087,
06/04/2020,24.1087,
07/04/2020,24.6938,
08/04/2020,24.6895,
09/04/2020,24.0388,
10/04/2020,24.0388,
11/04/2020,24.0388,
12/04/2020,24.0388,
13/04/2020,24.0388,
14/04/2020,24.0925,
15/04/2020,23.7427,
16/04/2020,23.5645,
17/04/2020,24.1155,
18/04/2020,24.2098,
19/04/2020,24.2098,
20/04/2020,24.2098,
21/04/2020,23.9012,
22/04/2020,24.0077,
23/04/2020,24.4248,
24/04/2020,24.5883,
25/04/2020,24.6230,
26/04/2020,24.6230,
27/04/2020,24.6230,
28/04/2020,24.8583,
29/04/2020,24.8492,
30/04/2020,24.3882,
01/05/2020,24.0002,
02/05/2020,24.0002,
03/05/2020,24.0002,
04/05/2020,24.0002,
05/05/2020,23.9283,
06/05/2020,24.3812,
07/05/2020,23.8343,
08/05/2020,24.2942,
09/05/2020,24.0563,
10/05/2020,24.0563,
11/05/2020,24.0563,
12/05/2020,23.6805,
13/05/2020,23.8693,
14/05/2020,24.0487,
15/05/2020,24.2113,
16/05/2020,24.2708,
17/05/2020,24.2708,
18/05/2020,24.2708,
19/05/2020,23.9580,
20/05/2020,23.6032,
21/05/2020,23.6023,
22/05/2020,23.2962,
23/05/2020,22.9600,
24/05/2020,22.9600,
25/05/2020,22.9600,
26/05/2020,22.7928,
27/05/2020,22.5630,
28/05/2020,22.2932,
29/05/2020,22.3633,
30/05/2020,22.2040,
31/05/2020,22.2040,
01/06/2020,22.2040,
02/06/2020,22.1778,
03/06/2020,22.0168,
04/06/2020,21.6827,
05/06/2020,21.6043,
06/06/2020,21.8388,
07/06/2020,21.8388,
08/06/2020,21.8388,
09/06/2020,21.5837,
10/06/2020,21.6552,
11/06/2020,21.7252,
12/06/2020,21.9230,
13/06/2020,22.4252,
14/06/2020,22.4252,
15/06/2020,22.4252,
16/06/2020,22.3347,
17/06/2020,22.5435,
18/06/2020,22.2168,
19/06/2020,22.2783,
20/06/2020,22.6088,
21/06/2020,22.6088,
22/06/2020,22.6088,
23/06/2020,22.6300,
24/06/2020,22.4413,
25/06/2020,22.4130,
26/06/2020,22.6662,
27/06/2020,22.7963,
28/06/2020,22.7963,
29/06/2020,22.7963,
30/06/2020,22.9715,
01/07/2020,23.1325,
02/07/2020,23.0893,
03/07/2020,22.8078,
04/07/2020,22.5225,
05/07/2020,22.5225,
06/07/2020,22.5225,
07/07/2020,22.4147,
08/07/2020,22.2808,
09/07/2020,22.6213,
10/07/2020,22.8225,
11/07/2020,22.6945,
12/07/2020,22.6945,
13/07/2020,22.6945,
14/07/2020,22.5342,
15/07/2020,22.4633,
16/07/2020,22.6173,
17/07/2020,22.3647,
18/07/2020,22.3032,
19/07/2020,22.3032,
20/07/2020,22.3032,
21/07/2020,22.4897,
22/07/2020,22.6278,
23/07/2020,22.3597,
24/07/2020,22.2510,
25/07/2020,22.3627,
26/07/2020,22.3627,
27/07/2020,22.3627,
28/07/2020,22.3842,
29/07/2020,22.0275,
30/07/2020,21.9615,
31/07/2020,21.9907,
01/08/2020,22.1727,
02/08/2020,22.1727,
03/08/2020,22.1727,
04/08/2020,22.2012,
05/08/2020,22.6140,
06/08/2020,22.7845,
07/08/2020,22.4068,
08/08/2020,22.3652,
09/08/2020,22.3652,
10/08/2020,22.3652,
11/08/2020,22.4892,
12/08/2020,22.4850,
13/08/2020,22.3490,
14/08/2020,22.3457,
15/08/2020,22.2628,
16/08/2020,22.2628,
17/08/2020,22.2628,
18/08/2020,22.0313,
19/08/2020,22.0570,
20/08/2020,22.1535,
21/08/2020,22.0527,
22/08/2020,22.1760,
23/08/2020,22.1760,
24/08/2020,22.1760,
25/08/2020,22.0362,
26/08/2020,21.9840,
27/08/2020,21.9723,
28/08/2020,21.9202,
29/08/2020,22.1168,
30/08/2020,22.1168,
31/08/2020,22.1168,
01/09/2020,21.8602,
02/09/2020,21.8880,
03/09/2020,21.7445,
04/09/2020,21.8393,
05/09/2020,21.6383,
06/09/2020,21.6383,
07/09/2020,21.6383,
08/09/2020,21.6115,
09/09/2020,21.5887,
10/09/2020,21.7138,
11/09/2020,21.5377,
12/09/2020,21.2773,
13/09/2020,21.2773,
14/09/2020,21.2773,
15/09/2020,21.3210,
16/09/2020,21.0728,
17/09/2020,21.0728,
18/09/2020,21.0692,
19/09/2020,20.9850,
20/09/2020,20.9850,
21/09/2020,20.9850,
22/09/2020,20.9697,
23/09/2020,21.5050,
24/09/2020,21.5682,
25/09/2020,22.0897,
26/09/2020,22.3678,
27/09/2020,22.3678,
28/09/2020,22.3678,
29/09/2020,22.4402,
30/09/2020,22.4573,
01/10/2020,22.3598,
02/10/2020,22.1438,
03/10/2020,21.9562,
04/10/2020,21.9562,
05/10/2020,21.9562,
06/10/2020,21.7025,
07/10/2020,21.3960,
08/10/2020,21.4507,
09/10/2020,21.4930,
10/10/2020,21.4318,
11/10/2020,21.4318,
12/10/2020,21.4318,
13/10/2020,21.1822,
14/10/2020,21.2183,
15/10/2020,21.3677,
16/10/2020,21.2998,
17/10/2020,21.3832,
18/10/2020,21.3832,
19/10/2020,21.3832,
20/10/2020,21.1765,
21/10/2020,21.1342,
22/10/2020,21.0902,
23/10/2020,21.0640,
24/10/2020,21.0300,
25/10/2020,21.0300,
26/10/2020,21.0300,
27/10/2020,20.9205,
28/10/2020,20.9818,
29/10/2020,20.8798,
30/10/2020,21.1648,
31/10/2020,21.3770,
01/11/2020,21.3770,
02/11/2020,21.3770,
03/11/2020,21.3770,
04/11/2020,21.2508,
05/11/2020,21.1555,
06/11/2020,21.0345,
07/11/2020,20.7612,
08/11/2020,20.7612,
09/11/2020,20.7612,
10/11/2020,20.6200,
11/11/2020,20.3600,
12/11/2020,20.4018,
13/11/2020,20.5772,
14/11/2020,20.5303,
15/11/2020,20.5303,
16/11/2020,20.5303,
17/11/2020,20.5303,
18/11/2020,20.4833,
19/11/2020,20.3212,
20/11/2020,20.2388,
21/11/2020,20.1858,
22/11/2020,20.1858,
23/11/2020,20.1858,
24/11/2020,20.1172,
25/11/2020,20.1012,
26/11/2020,20.0577,
27/11/2020,20.0465,
28/11/2020,20.0467,
29/11/2020,20.0467,
30/11/2020,20.0467,
01/12/2020,20.0777,
02/12/2020,20.1398,
03/12/2020,20.0508,
04/12/2020,20.0497,
05/12/2020,19.9083,
06/12/2020,19.9083,
07/12/2020,19.9083,
08/12/2020,19.7838,
09/12/2020,19.8213,
10/12/2020,19.7537,
11/12/2020,19.8368,
12/12/2020,19.9572,
13/12/2020,19.9572,
14/12/2020,19.9572,
15/12/2020,20.1075,
16/12/2020,20.1778,
17/12/2020,20.1113,
18/12/2020,19.9513,
19/12/2020,19.8173,
20/12/2020,19.8173,
21/12/2020,19.8173,
22/12/2020,19.9487,
23/12/2020,20.0905,
24/12/2020,20.0562,
25/12/2020,20.1175,
26/12/2020,20.1175,
27/12/2020,20.1175,
28/12/2020,20.1175,
29/12/2020,19.8517,
30/12/2020,20.0477,
31/12/2020,19.9487,
01/01/2021,19.9352,
02/01/2021,19.9352,
03/01/2021,19.9352,
04/01/2021,19.9352,
05/01/2021,19.9087,
06/01/2021,19.8457,
07/01/2021,19.9437,
08/01/2021,19.7250,
09/01/2021,19.9100,
10/01/2021,19.9100,
11/01/2021,19.9100,
12/01/2021,19.9705,
13/01/2021,20.1130,
14/01/2021,19.9373,
15/01/2021,19.7935,
16/01/2021,19.7793,
17/01/2021,19.7793,
18/01/2021,19.7793,
19/01/2021,19.7875,
20/01/2021,19.7570,
21/01/2021,19.6788,
22/01/2021,19.5793,
23/01/2021,19.7393,
24/01/2021,19.7393,
25/01/2021,19.7393,
26/01/2021,19.9833,
27/01/2021,20.1598,
28/01/2021,20.0152,
29/01/2021,20.2168,
30/01/2021,20.2697,
31/01/2021,20.2697,
01/02/2021,20.2697,
02/02/2021,20.2697,
03/02/2021,20.2248,
04/02/2021,20.1722,
05/02/2021,20.1953,
06/02/2021,20.4435,
07/02/2021,20.4435,
08/02/2021,20.4435,
09/02/2021,20.1388,
10/02/2021,20.1227,
11/02/2021,20.0913,
12/02/2021,20.0588,
13/02/2021,19.9535,
14/02/2021,19.9535,
15/02/2021,19.9535,
16/02/2021,19.9622,
17/02/2021,19.9518,
18/02/2021,20.2023,
19/02/2021,20.2257,
20/02/2021,20.4165,
21/02/2021,20.4165,
22/02/2021,20.4165,
23/02/2021,20.4222,
24/02/2021,20.6783,
25/02/2021,20.5833,
26/02/2021,20.4752,
27/02/2021,20.8523,
28/02/2021,20.8523,
01/03/2021,20.8523,
02/03/2021,20.9390,
03/03/2021,20.6123,
04/03/2021,20.6903,
05/03/2021,20.8957,
06/03/2021,20.8498,
07/03/2021,20.8498,
08/03/2021,20.8498,
09/03/2021,21.2635,
10/03/2021,21.4177,
11/03/2021,21.2575,
12/03/2021,20.9853,
13/03/2021,20.7133,
14/03/2021,20.7133,
15/03/2021,20.7133,
16/03/2021,20.7133,
17/03/2021,20.7637,
18/03/2021,20.5753,
19/03/2021,20.6828,
20/03/2021,20.4415,
21/03/2021,20.4415,
22/03/2021,20.4415,
23/03/2021,20.4823,
24/03/2021,20.5788,
25/03/2021,20.6408,
26/03/2021,20.7882,
27/03/2021,20.7662,
28/03/2021,20.7662,
29/03/2021,20.7662,
30/03/2021,20.5677,
31/03/2021,20.6047,
01/04/2021,20.6025,
02/04/2021,20.6025,
03/04/2021,20.6025,
04/04/2021,20.6025,
05/04/2021,20.6025,
06/04/2021,20.4400,
07/04/2021,20.2483,
08/04/2021,20.1612,
09/04/2021,20.1765,
10/04/2021,20.0890,
11/04/2021,20.0890,
12/04/2021,20.0890,
13/04/2021,20.1630,
14/04/2021,20.0950,
15/04/2021,20.0735,
16/04/2021,20.0583,
17/04/2021,19.9270,
18/04/2021,19.9270,
19/04/2021,19.9270,
20/04/2021,19.9158,
21/04/2021,19.8145,
22/04/2021,19.8877,
23/04/2021,19.8740,
24/04/2021,19.8865,
25/04/2021,19.8865,
26/04/2021,19.8865,
27/04/2021,19.8695,
28/04/2021,19.8362,
29/04/2021,19.9785,
30/04/2021,19.9712,
01/05/2021,20.0978,
02/05/2021,20.0978,
03/05/2021,20.0978,
04/05/2021,20.1822,
05/05/2021,20.1902,
06/05/2021,20.2235,
07/05/2021,20.2077,
08/05/2021,20.1838,
09/05/2021,20.1838,
10/05/2021,20.1838,
11/05/2021,19.9223,
12/05/2021,19.8860,
13/05/2021,19.8848,
14/05/2021,20.0940,
15/05/2021,20.0495,
16/05/2021,20.0495,
17/05/2021,20.0495,
18/05/2021,19.8487,
19/05/2021,19.8028,
20/05/2021,19.8313,
21/05/2021,19.8143,
22/05/2021,19.8810,
23/05/2021,19.8810,
24/05/2021,19.8810,
25/05/2021,19.9510,
26/05/2021,19.8720,
27/05/2021,19.8903,
28/05/2021,19.8783,
29/05/2021,19.9487,
30/05/2021,19.9487,
31/05/2021,19.9487,
01/06/2021,19.9442,
02/06/2021,19.9213,
03/06/2021,19.8927,
04/06/2021,19.9277,
05/06/2021,20.0605,
06/06/2021,20.0605,
07/06/2021,20.0605,
08/06/2021,19.9328,
09/06/2021,19.7970,
10/06/2021,19.7728,
11/06/2021,19.6897,
12/06/2021,19.7002,
13/06/2021,19.7002,
14/06/2021,19.7002,
15/06/2021,19.8823,
16/06/2021,19.9065,
17/06/2021,20.1235,
18/06/2021,20.0588,
19/06/2021,20.4292,
20/06/2021,20.4292,
21/06/2021,20.4292,
22/06/2021,20.7002,
23/06/2021,20.6000,
24/06/2021,20.5712,
25/06/2021,20.2505,
26/06/2021,20.0483,
27/06/2021,20.0483,
28/06/2021,20.0483,
29/06/2021,19.7930,
30/06/2021,19.8027,
01/07/2021,19.8157,
02/07/2021,19.9062,
03/07/2021,20.0368,
04/07/2021,20.0368,
05/07/2021,20.0368,
06/07/2021,19.8817,
07/07/2021,19.8532,
08/07/2021,19.9658,
09/07/2021,19.9915,
10/07/2021,20.0070,
11/07/2021,20.0070,
12/07/2021,20.0070,
13/07/2021,19.8800,
14/07/2021,19.8577,
15/07/2021,19.9988,
16/07/2021,19.8992,
17/07/2021,19.9412,
18/07/2021,19.9412,
19/07/2021,19.9412,
20/07/2021,19.8537,
21/07/2021,20.0000,
22/07/2021,20.1348,
23/07/2021,20.1907,
24/07/2021,20.1812,
25/07/2021,20.1812,
26/07/2021,20.1812,
27/07/2021,20.0238,
28/07/2021,20.0245,
29/07/2021,19.9770,
30/07/2021,19.9535,
31/07/2021,19.8448,
01/08/2021,19.8448,
02/08/2021,19.8448,
03/08/2021,19.8455,
04/08/2021,19.8520,
05/08/2021,19.8920,
06/08/2021,19.9547,
07/08/2021,19.9293,
08/08/2021,19.9293,
09/08/2021,19.9293,
10/08/2021,20.0037,
11/08/2021,20.0648,
12/08/2021,20.1038,
13/08/2021,19.9530,
14/08/2021,19.8907,
15/08/2021,19.8907,
16/08/2021,19.8907,
17/08/2021,19.8603,
18/08/2021,19.8863,
19/08/2021,19.9912,
20/08/2021,20.0107,
21/08/2021,20.1175,
22/08/2021,20.1175,
23/08/2021,20.1175,
24/08/2021,20.4020,
25/08/2021,20.3907,
26/08/2021,20.2967,
27/08/2021,20.2933,
28/08/2021,20.3522,
29/08/2021,20.3522,
30/08/2021,20.3522,
31/08/2021,20.2293,
01/09/2021,20.1403,
02/09/2021,20.0605,
03/09/2021,19.9615,
04/09/2021,19.9703,
05/09/2021,19.9703,
06/09/2021,19.9703,
07/09/2021,19.8992,
08/09/2021,19.8878,
09/09/2021,19.9440,
10/09/2021,19.9383,
11/09/2021,19.9318,
12/09/2021,19.9318,
13/09/2021,19.9318,
14/09/2021,19.8717,
15/09/2021,19.8677,
16/09/2021,19.9035,
17/09/2021,19.9035,
18/09/2021,19.9003,
19/09/2021,19.9003,
20/09/2021,19.9003,
21/09/2021,19.9853,
22/09/2021,20.1735,
23/09/2021,20.1438,
24/09/2021,20.0328,
25/09/2021,20.0280,
26/09/2021,20.0280,
27/09/2021,20.0280,
28/09/2021,20.1118,
29/09/2021,20.1052,
30/09/2021,20.3060,
01/10/2021,20.4977,
02/10/2021,20.5623,
03/10/2021,20.5623,
04/10/2021,20.5623,
05/10/2021,20.5103,
06/10/2021,20.5747,
07/10/2021,20.5818,
08/10/2021,20.6947,
09/10/2021,20.6040,
10/10/2021,20.6040,
11/10/2021,20.6040,
12/10/2021,20.7293,
13/10/2021,20.8017,
14/10/2021,20.7767,
15/10/2021,20.6827,
16/10/2021,20.6075,
17/10/2021,20.6075,
18/10/2021,20.6075,
19/10/2021,20.4672,
20/10/2021,20.3587,
21/10/2021,20.2647,
22/10/2021,20.1850,
23/10/2021,20.2643,
24/10/2021,20.2643,
25/10/2021,20.2643,
26/10/2021,20.1837,
27/10/2021,20.1897,
28/10/2021,20.1888,
29/10/2021,20.1930,
30/10/2021,20.3255,
31/10/2021,20.3255,
01/11/2021,20.3255,
02/11/2021,20.5297,
03/11/2021,20.5297,
04/11/2021,20.8598,
05/11/2021,20.8352,
06/11/2021,20.6242,
07/11/2021,20.6242,
08/11/2021,20.6242,
09/11/2021,20.3925,
10/11/2021,20.3265,
11/11/2021,20.2833,
12/11/2021,20.4702,
13/11/2021,20.4652,
14/11/2021,20.4652,
15/11/2021,20.4652,
16/11/2021,20.4652,
17/11/2021,20.5072,
18/11/2021,20.8092,
19/11/2021,20.6912,
20/11/2021,20.7628,
21/11/2021,20.7628,
22/11/2021,20.7628,
23/11/2021,20.8283,
24/11/2021,20.9632,
25/11/2021,21.2107,
26/11/2021,21.4357,
27/11/2021,21.5462,
28/11/2021,21.5462,
29/11/2021,21.5462,
30/11/2021,21.8185,
01/12/2021,21.7333,
02/12/2021,21.4453,
03/12/2021,21.2710,
04/12/2021,21.3033,
05/12/2021,21.3033,
06/12/2021,21.3033,
07/12/2021,21.4177,
08/12/2021,21.2047,
09/12/2021,21.0907,
10/12/2021,20.9330,
11/12/2021,21.0328,
12/12/2021,21.0328,
13/12/2021,21.0328,
14/12/2021,20.8922,
15/12/2021,20.9383,
16/12/2021,21.1650,
17/12/2021,21.2393,
18/12/2021,20.9238,
19/12/2021,20.9238,
20/12/2021,20.9238,
21/12/2021,20.7337,
22/12/2021,20.7363,
23/12/2021,20.7823,
24/12/2021,20.7527,
25/12/2021,20.6582,
26/12/2021,20.6582,
27/12/2021,20.6582,
28/12/2021,20.6112,
29/12/2021,20.6828,
30/12/2021,20.5770,
31/12/2021,20.5835,
01/01/2022,20.5157,
02/01/2022,20.5157,
03/01/2022,20.5157,
04/01/2022,20.4672,
05/01/2022,20.5890,
06/01/2022,20.4742,
07/01/2022,20.3977,
08/01/2022,20.4588,
09/01/2022,20.4588,
10/01/2022,20.4588,
11/01/2022,20.4237,
12/01/2022,20.4453,
13/01/2022,20.3785,
14/01/2022,20.3660,
15/01/2022,20.3607,
16/01/2022,20.3607,
17/01/2022,20.3607,
18/01/2022,20.3118,
19/01/2022,20.3002,
20/01/2022,20.4030,
21/01/2022,20.4600,
22/01/2022,20.4507,
23/01/2022,20.4507,
24/01/2022,20.4507,
25/01/2022,20.4598,
26/01/2022,20.6308,
27/01/2022,20.6683,
28/01/2022,20.6415,
29/01/2022,20.7383,
30/01/2022,20.7383,
31/01/2022,20.7383,
01/02/2022,20.8597,
02/02/2022,20.6352,
03/02/2022,20.5800,
04/02/2022,20.6003,
05/02/2022,20.5562,
06/02/2022,20.5562,
07/02/2022,20.5562,
08/02/2022,20.5562,
09/02/2022,20.7325,
10/02/2022,20.6413,
11/02/2022,20.5008,
12/02/2022,20.4148,
13/02/2022,20.4148,
14/02/2022,20.4148,
15/02/2022,20.4188,
16/02/2022,20.4110,
17/02/2022,20.3992,
18/02/2022,20.3335,
19/02/2022,20.2978,
20/02/2022,20.2978,
21/02/2022,20.2978,
22/02/2022,20.3063,
23/02/2022,20.2825,
24/02/2022,20.2977,
25/02/2022,20.2435,
26/02/2022,20.6525,
27/02/2022,20.6525,
28/02/2022,20.6525,
01/03/2022,20.4465,
02/03/2022,20.4257,
03/03/2022,20.5272,
04/03/2022,20.7193,
05/03/2022,20.7033,
06/03/2022,20.7033,
07/03/2022,20.7033,
08/03/2022,20.9262,
09/03/2022,21.1947,
10/03/2022,21.3775,
11/03/2022,20.9677,
12/03/2022,20.9743,
13/03/2022,20.9743,
14/03/2022,20.9743,
15/03/2022,20.9695,
16/03/2022,20.8908,
17/03/2022,20.8743,
18/03/2022,20.7035,
19/03/2022,20.5585,
20/03/2022,20.5585,
21/03/2022,20.5585,
22/03/2022,20.5585,
23/03/2022,20.4145,
24/03/2022,20.2782,
25/03/2022,20.1800,
26/03/2022,20.1313,
27/03/2022,20.1313,
28/03/2022,20.1313,
29/03/2022,19.9577,
30/03/2022,20.1195,
31/03/2022,19.9942,
01/04/2022,19.8632,
02/04/2022,19.9112,
03/04/2022,19.9112,
04/04/2022,19.9112,
05/04/2022,19.8432,
06/04/2022,19.7443,
07/04/2022,19.9012,
08/04/2022,20.0665,
09/04/2022,20.1605,
10/04/2022,20.1605,
11/04/2022,20.1605,
12/04/2022,20.1200,
13/04/2022,20.0093,
14/04/2022,19.8407,
15/04/2022,19.8407,
16/04/2022,19.8407,
17/04/2022,19.8407,
18/04/2022,19.8407,
19/04/2022,19.7967,
20/04/2022,19.9377,
21/04/2022,20.0447,
22/04/2022,20.0383,
23/04/2022,20.1802,
24/04/2022,20.1802,
25/04/2022,20.1802,
26/04/2022,20.3183,
27/04/2022,20.2992,
28/04/2022,20.3560,
29/04/2022,20.4707,
30/04/2022,20.5670,
01/05/2022,20.5670,
02/05/2022,20.5670,
03/05/2022,20.3728,
04/05/2022,20.4075,
05/05/2022,20.3350,
06/05/2022,20.2535,
07/05/2022,20.2218,
08/05/2022,20.2218,
09/05/2022,20.2218,
10/05/2022,20.1085,
11/05/2022,20.3172,
12/05/2022,20.3720,
13/05/2022,20.2592,
14/05/2022,20.3200,
15/05/2022,20.3200,
16/05/2022,20.3200,
17/05/2022,20.1443,
18/05/2022,20.0782,
19/05/2022,19.9637,
20/05/2022,19.9663,
21/05/2022,19.9267,
22/05/2022,19.9267,
23/05/2022,19.9267,
24/05/2022,19.8657,
25/05/2022,19.8282,
26/05/2022,19.8870,
27/05/2022,19.8377,
28/05/2022,19.7933,
29/05/2022,19.7933,
30/05/2022,19.7933,
31/05/2022,19.5965,
01/06/2022,19.4953,
02/06/2022,19.6940,
03/06/2022,19.7388,
04/06/2022,19.5585,
05/06/2022,19.5585,
06/06/2022,19.5585,
07/06/2022,19.5742,
08/06/2022,19.5547,
09/06/2022,19.5998,
10/06/2022,19.5900,
11/06/2022,19.6128,
12/06/2022,19.6128,
13/06/2022,19.6128,
14/06/2022,19.9297,
15/06/2022,20.4527,
16/06/2022,20.6583,
17/06/2022,20.6675,
18/06/2022,20.5728,
19/06/2022,20.5728,
20/06/2022,20.5728,
21/06/2022,20.4760,
22/06/2022,20.2442,
23/06/2022,20.1963,
24/06/2022,20.0465,
25/06/2022,20.0365,
26/06/2022,20.0365,
27/06/2022,20.0365,
28/06/2022,19.8707,
29/06/2022,19.8797,
30/06/2022,19.9847,
01/07/2022,20.1443,
02/07/2022,20.1335,
03/07/2022,20.1335,
04/07/2022,20.1335,
05/07/2022,20.3817,
06/07/2022,20.2877,
07/07/2022,20.5598,
08/07/2022,20.7228,
09/07/2022,20.6022,
10/07/2022,20.6022,
11/07/2022,20.6022,
12/07/2022,20.4423,
13/07/2022,20.7473,
14/07/2022,20.7882,
15/07/2022,20.7613,
16/07/2022,20.9415,
17/07/2022,20.9415,
18/07/2022,20.9415,
19/07/2022,20.6110,
20/07/2022,20.3957,
21/07/2022,20.4407,
22/07/2022,20.4913,
23/07/2022,20.6562,
24/07/2022,20.6562,
25/07/2022,20.6562,
26/07/2022,20.5150,
27/07/2022,20.4652,
28/07/2022,20.4330,
29/07/2022,20.5120,
30/07/2022,20.3778,
31/07/2022,20.3778,
01/08/2022,20.3778,
02/08/2022,20.3485,
03/08/2022,20.2633,
04/08/2022,20.5152,
05/08/2022,20.6305,
06/08/2022,20.3358,
07/08/2022,20.3358,
08/08/2022,20.3358,
09/08/2022,20.4010,
10/08/2022,20.2789,
11/08/2022,20.2715,
12/08/2022,19.9562,
13/08/2022,19.9595,
14/08/2022,19.9595,
15/08/2022,19.9595,
16/08/2022,19.8740,
17/08/2022,19.8618,
18/08/2022,19.9303,
19/08/2022,20.0387,
20/08/2022,20.0835,
21/08/2022,20.0835,
22/08/2022,20.0835,
23/08/2022,20.1957,
24/08/2022,20.1598,
25/08/2022,19.9982,
26/08/2022,19.9198,
27/08/2022,19.9437,
28/08/2022,19.9437,
29/08/2022,19.9437,
30/08/2022,19.9268,
31/08/2022,19.9945,
01/09/2022,20.1465,
02/09/2022,20.0962,
03/09/2022,20.2473,
04/09/2022,20.2473,
05/09/2022,20.2473,
06/09/2022,19.9753,
07/09/2022,19.9620,
08/09/2022,20.1380,
09/09/2022,20.0297,
10/09/2022,20.0203,
11/09/2022,20.0203,
12/09/2022,20.0203,
13/09/2022,19.9027,
14/09/2022,19.7957,
15/09/2022,20.0550,
16/09/2022,19.9768,
17/09/2022,19.9768,
18/09/2022,19.9768,
19/09/2022,19.9768,
20/09/2022,20.0525,
21/09/2022,19.9943,
22/09/2022,20.0000,
23/09/2022,20.0027,
24/09/2022,19.9608,
25/09/2022,19.9608,
26/09/2022,19.9608,
27/09/2022,20.1627,
28/09/2022,20.3517,
29/09/2022,20.3570,
30/09/2022,20.3058,
01/10/2022,20.1927,
02/10/2022,20.1927,
03/10/2022,20.1927,
04/10/2022,20.0925,
05/10/2022,20.0008,
06/10/2022,19.9698,
07/10/2022,20.1267,
08/10/2022,20.1087,
09/10/2022,20.1087,
10/10/2022,20.1087,
11/10/2022,20.0502,
12/10/2022,19.9752,
13/10/2022,19.9652,
14/10/2022,20.0352,
15/10/2022,20.0398,
16/10/2022,20.0398,
17/10/2022,20.0398,
18/10/2022,20.0838,
19/10/2022,19.9913,
20/10/2022,20.0207,
21/10/2022,20.1272,
22/10/2022,20.0448,
23/10/2022,20.0448,
24/10/2022,20.0448,
25/10/2022,19.9647,
26/10/2022,19.9535,
27/10/2022,19.8712,
28/10/2022,19.8553,
29/10/2022,19.8365,
30/10/2022,19.8365,
31/10/2022,19.8365,
01/11/2022,19.8303,
02/11/2022,19.8245,
03/11/2022,19.8245,
04/11/2022,19.7463,
05/11/2022,19.6673,
06/11/2022,19.6673,
07/11/2022,19.6673,
08/11/2022,19.5202,
09/11/2022,19.4647,
10/11/2022,19.4775,
11/11/2022,19.5887,
12/11/2022,19.3940,
13/11/2022,19.3940,
14/11/2022,19.3940,
15/11/2022,19.5353,
16/11/2022,19.4015,
17/11/2022,19.3818,
18/11/2022,19.3137,
19/11/2022,19.4333,
20/11/2022,19.4333,
21/11/2022,19.4333,
22/11/2022,19.4333,
23/11/2022,19.4930,
